rainfall,temperature,weather,ph,humidity,label
540.5550044,22.87657201,100,6.149934034,76.24900101,Banana
774.2851873,17.42170041,800,5.849076099,83.67675197,Banana
481.4800194,19.74381695,150,6.276800323,82.96221306,Banana
146.7847145,32.93950416,100,5.926824754,80.11585705,Banana
170.1931304,17.87030687,100,5.519088423,79.39654531,Banana
258.3465148,33.09557269,800,6.079178788,84.42379269,Banana
783.9345941,27.50869611,100,6.13465588,80.18546798,Banana
609.9458088,17.76890369,800,5.808497604,78.06762846,Banana
466.0562759,29.55821562,800,5.891458107,83.390039,Banana
525.5906601,31.76194819,100,5.816622479,76.16151562,Banana
404.1745389,32.22615812,800,5.843163161,82.68752542,Banana
370.3459059,16.79835798,100,6.376756633,76.50045221,Banana
683.6850774,15.54731064,100,5.623615687,75.26429821,Banana
574.3334366,18.66839177,800,5.91505509,78.8086068,Banana
778.2895563,26.29805674,100,6.458714879,78.04602887,Banana
259.3935637,27.61689164,800,5.565028635,83.34688193,Banana
504.6403235,24.54514909,150,6.211833161,78.3422098,Banana
464.1566981,35.3078824,100,6.490074429,79.68542782,Banana
988.2435823,19.40767355,100,5.590236025,75.94067692,Banana
827.357846,38.70028613,100,6.225225239,82.54195839,Banana
183.0344065,27.34615077,100,6.190757459,76.8532006,Banana
203.1786774,19.87723833,800,5.915568968,78.89864446,Banana
152.293987,25.84847436,150,6.195152442,84.88394407,Banana
460.3599281,23.65671146,150,6.156373499,80.79783998,Banana
898.5924703,33.10721992,800,6.313197204,82.34429458,Banana
240.7843408,21.95247271,100,6.324270089,79.19588629,Banana
683.399499,36.58698785,100,5.707488987,77.32017166,Banana
395.5815539,16.05099783,800,6.119216009,77.38229006,Banana
375.4737518,36.6797209,800,5.571401169,81.36028902,Banana
267.823363,20.09649066,150,5.63127166,77.79586769,Banana
911.0343993,37.6281716,100,6.101241579,83.31110751,Banana
610.9806871,15.44926758,100,6.438137279,81.4654833,Banana
831.9498086,30.09307075,150,6.098369122,81.38204104,Banana
569.893336,23.46081056,800,5.695267822,79.28693687,Banana
110.1784254,28.07438376,150,5.618094446,76.67484233,Banana
916.4109697,24.88176154,100,6.435785799,82.0638878,Banana
193.7922908,38.88483152,100,6.176644228,82.36208097,Banana
308.7037593,16.14708905,800,6.220643671,83.33983116,Banana
154.2860761,31.60905482,100,5.871702211,81.06003778,Banana
720.1120011,36.34658459,800,6.390741836,78.71024836,Banana
509.3826054,17.25517538,150,6.21084479,79.35898915,Banana
167.8720421,34.21157893,800,6.012696655,75.03193255,Banana
696.0989407,35.87493816,100,5.908770059,80.18080728,Banana
710.5925118,36.07728163,800,6.049801781,77.25629897,Banana
303.6896679,31.36499083,150,6.010095853,83.51014178,Banana
107.1591636,30.99115089,100,5.738678895,84.97323747,Banana
632.4259511,18.52323467,800,5.74055541,78.52399914,Banana
553.3970412,23.78988736,800,5.793260262,81.95580471,Banana
162.3086749,37.8135779,800,5.50947065,77.79913575,Banana
317.2054032,24.74934773,800,5.986442306,79.59242542,Banana
796.0816521,25.09518918,150,5.790768046,81.54448882,Banana
199.3819369,24.4053997,150,5.915546415,83.6995044,Banana
276.8272071,17.9112429,800,6.242528278,81.40740301,Banana
937.2900424,30.51805211,800,6.036079266,76.57853189,Banana
516.6737564,22.21935548,100,5.829898502,82.95958244,Banana
486.1247495,15.5074892,100,6.088064451,83.96754496,Banana
458.9578967,33.85071388,100,6.469370954,81.10523402,Banana
330.7949924,38.51166105,800,5.720726906,84.41007614,Banana
451.1234884,30.49661785,800,5.80766417,82.69285419,Banana
496.9463417,25.56886503,150,5.703381728,83.55829874,Banana
689.5190686,30.79909919,800,6.165001278,75.77363772,Banana
368.3224602,37.77381373,150,6.002481605,80.47152737,Banana
648.6967692,29.54703876,100,6.212369363,76.11239849,Banana
159.5660203,24.97212378,800,5.765308943,83.50423735,Banana
421.3925816,26.90353635,800,5.740764682,81.08183635,Banana
393.2817478,36.30417342,150,5.879119455,81.33506906,Banana
383.2988443,29.37767833,100,6.099478745,81.81365007,Banana
226.8752639,34.66627907,100,5.674403359,77.95192527,Banana
364.4892537,31.7588698,150,5.694243847,79.28625709,Banana
458.5995005,33.48144273,150,5.905494703,76.05522115,Banana
551.5683722,22.65677759,100,6.110844721,84.97849241,Banana
185.5314631,32.14388839,800,6.020445317,84.51194224,Banana
849.4992051,32.08102535,150,6.435917308,84.47321314,Banana
671.7994393,34.64317897,150,5.505393833,78.34971537,Banana
882.2137787,29.65297521,800,5.677719902,78.51833782,Banana
778.3133471,20.63580472,300,5.719014989,83.31172003,Banana
895.1636703,22.2662422,300,6.275572298,80.261731,Banana
316.3031395,30.21531453,300,6.275384607,76.48541655,Banana
943.3883133,35.56962782,150,6.201911642,79.49221962,Banana
244.2671528,38.7159219,150,5.758054257,80.6430384,Banana
277.1723848,15.0343662,150,6.323933647,77.48247073,Banana
255.8136478,35.07654505,150,5.901100841,82.1888998,Banana
483.1190383,21.88978592,800,5.644486582,84.15403614,Banana
970.6082169,26.81797538,150,6.235461772,78.90085998,Banana
643.7405072,27.66318656,150,6.28236237,80.1190228,Banana
225.3585555,19.56228334,800,6.356090905,83.36307683,Banana
748.7781125,15.29042752,150,5.837258235,81.53977797,Banana
823.5782924,30.58358667,300,5.653437902,84.51602322,Banana
382.353526,31.15306703,800,5.727469947,82.99556744,Banana
855.5185793,30.42676376,800,6.200111068,77.3970629,Banana
573.6861089,19.72308776,150,5.614471478,79.29122198,Banana
169.2560511,36.42721823,300,6.257369799,76.98740841,Banana
434.6546554,35.18784745,150,6.037430836,76.63713353,Banana
313.7973071,34.33616291,800,5.760457558,78.76260938,Banana
395.4968798,35.84480266,800,6.158164422,84.70189923,Banana
205.7487368,29.76658872,300,6.387431383,84.54625006,Banana
339.8228329,35.77910354,150,5.891413895,76.52808057,Banana
131.6302514,17.80421898,150,5.725418961,82.20793613,Banana
657.4681461,15.81943019,800,6.281069505,78.4873835,Banana
729.3809653,19.65098476,300,5.507641778,78.20585613,Banana
505.8974021,33.18794477,800,6.420018717,92.86056895,Coconut
337.8052836,37.10602535,800,5.740054567,94.3138837,Coconut
161.1124029,38.38398939,150,5.686972967,95.64807631,Coconut
275.1986704,15.66036134,300,6.293662363,91.53720922,Coconut
115.9868089,32.81937378,150,6.381975465,99.64573002,Coconut
121.1659018,30.22056595,300,5.542169139,95.11294697,Coconut
247.9904743,35.38520625,150,5.551963184,93.69979946,Coconut
735.9318946,31.86768975,800,5.860740481,90.92669463,Coconut
526.4331074,33.82955637,300,5.558807063,90.98617591,Coconut
747.68276,33.38941591,300,5.55771171,99.18843684,Coconut
420.3750824,35.3325148,300,5.568365926,91.81320717,Coconut
120.9181093,15.57511325,300,6.07071786,96.93649473,Coconut
168.1154628,19.2192871,150,5.627860549,96.46168931,Coconut
901.8445785,26.03694484,300,6.38488418,99.34854917,Coconut
848.894533,39.67423293,800,5.685889066,99.65809151,Coconut
148.1666972,23.14116851,300,6.234458417,95.23797989,Coconut
629.0882048,36.3532543,800,6.443168642,97.61361544,Coconut
965.9336565,26.10869201,300,5.842317989,93.40548703,Coconut
178.1712791,23.67093029,300,5.955742971,95.01630593,Coconut
665.708971,34.25403379,300,5.741367375,91.30924833,Coconut
440.6728805,35.71588892,150,5.948342571,97.00155491,Coconut
142.1604359,21.20476812,300,6.387067562,90.01734526,Coconut
233.2879846,32.41502969,150,5.562911913,94.18955816,Coconut
827.8830576,17.79061668,300,5.85971872,95.48763389,Coconut
703.8420794,27.96986135,300,6.282955073,94.01014388,Coconut
905.203025,32.8210149,150,6.25449571,95.78923137,Coconut
234.6561678,29.74045807,150,5.973853124,97.00396405,Coconut
743.5126756,28.81321662,800,6.081568052,96.65248672,Coconut
599.9133448,20.16388874,300,6.37466756,96.30484325,Coconut
999.1879097,19.24034393,150,6.027707171,96.66355213,Coconut
357.5281865,30.90577867,800,5.868285082,91.95614918,Coconut
259.2963568,23.31401673,800,6.205931638,93.31410447,Coconut
592.2111296,35.40688202,300,5.570745386,91.20106019,Coconut
528.5809455,37.64597737,150,6.095261013,93.64761266,Coconut
834.4855685,24.40228773,300,6.025789594,92.73041222,Coconut
630.5132559,25.51927591,800,5.542873799,91.64509299,Coconut
888.7950762,25.22822705,150,6.366219551,93.27565685,Coconut
525.787625,33.63002819,150,5.579845008,98.08951196,Coconut
549.0058743,27.72186863,800,5.804965067,98.62048026,Coconut
648.7244111,28.50166989,150,6.121005506,91.91185319,Coconut
150.0095855,34.75889741,700,6.000248647,92.17170353,Coconut
773.3103298,25.74860472,700,5.820978791,97.76865458,Coconut
204.3674619,17.66146241,150,5.620733794,93.39676499,Coconut
549.2221878,17.90872013,700,6.001936419,95.59224018,Coconut
877.4693754,39.6861047,150,6.305740522,91.14723422,Coconut
903.6754912,36.23042191,150,6.362544111,94.59086121,Coconut
433.1787952,34.75176131,700,5.588655387,98.38227669,Coconut
193.5378428,15.48363246,150,6.182232762,95.89739958,Coconut
937.4808155,39.93520425,700,5.959493188,95.66997327,Coconut
838.1163753,22.70176366,700,5.677282678,91.10510371,Coconut
343.7993468,37.73192182,700,5.612122797,96.96637916,Coconut
199.9681292,25.7288115,800,6.206077742,92.48519606,Coconut
993.2710071,22.25703951,150,5.764812076,94.65830608,Coconut
741.8325984,26.41700147,700,6.203376525,95.11320315,Coconut
888.6684357,24.41144592,800,6.143662699,94.48414544,Coconut
878.9646246,30.7710597,800,6.100429497,91.72546257,Coconut
986.5418792,24.68156386,800,5.708409601,94.90485697,Coconut
273.5779162,32.09481672,700,5.868255858,98.3670985,Coconut
519.3070377,23.70710619,700,6.461225827,92.56492864,Coconut
505.118079,25.13764424,700,6.165084855,95.16333673,Coconut
603.7836946,17.89189693,150,6.047044342,92.36099489,Coconut
722.2986622,35.97022852,700,6.137102505,92.19906776,Coconut
639.9355162,36.90902603,700,5.894027065,90.79093862,Coconut
800.3040751,24.91612353,800,5.56222383,95.94643831,Coconut
591.9618672,35.43567577,150,5.832608028,99.96906006,Coconut
863.479586,29.17763779,150,6.218571874,99.64328526,Coconut
383.5624849,38.73538417,800,6.142010637,96.97300803,Coconut
539.2475766,21.60330612,800,6.078807239,95.65754365,Coconut
245.3055348,31.71818813,150,5.702484758,91.64194826,Coconut
408.5597705,24.04215294,300,5.547594847,91.49882979,Coconut
822.2287888,36.37435801,150,5.836075368,92.90736493,Coconut
297.8955549,36.5087905,150,6.231662767,95.71935435,Coconut
739.5071742,16.2343662,800,5.718120393,90.73966792,Coconut
185.5906478,33.09814855,800,5.852038202,91.52421214,Coconut
908.8983641,29.73935485,800,5.547933273,95.02156793,Coconut
648.949069,35.1899604,150,6.156259104,96.92786777,Coconut
254.4521519,15.37471869,300,6.436314406,95.67906668,Coconut
239.2547325,17.18014553,300,5.981169595,96.7036223,Coconut
691.5104739,21.3630968,800,6.271952833,94.38420565,Coconut
575.5516111,17.44129264,150,6.470465614,94.73860514,Coconut
215.3850542,27.97578705,800,6.141502001,95.41122824,Coconut
881.5862454,16.0468424,800,5.826381164,91.40896307,Coconut
976.5756895,38.76669573,150,6.342463714,95.21224392,Coconut
700.5584348,16.61054621,800,6.071897347,93.28415295,Coconut
759.3880378,19.22959273,300,6.331051715,94.79998418,Coconut
796.5427532,26.1630712,800,6.413184638,91.48889469,Coconut
293.0233496,20.17225343,300,5.50158009,98.09861043,Coconut
577.0726923,30.26120861,150,6.338720873,96.38580769,Coconut
369.4477164,26.38168663,800,6.015672239,94.33465411,Coconut
975.9460863,23.63430166,300,5.735364307,99.98187601,Coconut
877.2954639,24.28692461,300,6.465906333,97.48410555,Coconut
845.6582058,25.20836502,300,5.855457599,99.7240104,Coconut
943.4841145,20.65399616,800,6.318552973,99.84671638,Coconut
380.8856776,19.23002888,300,6.006784979,90.27214288,Coconut
179.279513,19.55041055,800,6.008386283,98.29937782,Coconut
959.5679823,22.31279582,800,5.665785202,95.8840407,Coconut
279.3744371,32.94229766,300,5.764615485,93.00109012,Coconut
874.5694545,16.96327278,800,5.901495544,93.45042636,Coconut
453.6169379,39.99786026,800,5.779032666,93.84150618,Coconut
825.6328048,29.738418,200,5.67154928,98.80313612,Coconut
315.8919568,29.1577628,800,7.231324765,79.19732001,Coconut
875.4888602,15.27359468,800,6.925412377,84.86275707,Coconut
124.5955591,24.38163947,150,7.633437412,76.97696717,Coconut
925.7231038,17.0858227,800,6.827354668,75.62137159,Coconut
186.2577747,32.39164439,800,6.176716425,83.63276077,Coconut
684.3022571,37.97082123,200,6.628722836,81.7358876,Coconut
562.3277855,18.32095113,800,7.256877571,80.53965818,Coconut
535.9879831,20.90823808,150,6.443785385,81.30681027,Coconut
587.8656518,15.06926341,800,7.723240151,79.29573149,Coconut
424.8781369,21.98139668,150,7.261313694,55.32222678,Coffee
989.3370652,28.02451173,800,7.235070264,52.88667115,Coffee
265.2016931,23.50322642,150,7.18915558,56.18107663,Coffee
383.2188376,25.66027012,150,6.431899748,60.39523266,Coffee
308.3305889,18.59153089,150,6.42321105,52.26994674,Coffee
641.6148248,33.96599196,800,6.869720196,50.40609436,Coffee
178.9501468,23.32577998,800,6.973839707,63.65861483,Coffee
610.4311932,18.61865033,150,7.184801627,51.11044023,Coffee
283.0802623,27.97421128,800,6.351823783,69.35161206,Coffee
643.8711904,34.68957675,150,6.392048018,55.55164819,Coffee
615.1290773,25.45346659,200,6.119892347,52.50987966,Coffee
116.3895942,28.51721973,150,6.910823945,57.27927475,Coffee
428.1253036,37.81791568,800,6.501157208,51.93952357,Coffee
811.8361445,36.14545039,150,7.027585559,55.99375012,Coffee
854.8467239,35.39131399,800,7.13411409,62.26244581,Coffee
370.2483964,18.31024235,800,6.647765997,68.00096043,Coffee
230.8488664,21.45971492,200,6.703270635,52.95261751,Coffee
456.9061416,25.83704564,200,7.493191968,60.5160021,Coffee
528.0007223,28.00738724,800,6.724688503,57.53161469,Coffee
499.923555,30.42439624,150,6.043485685,57.72920846,Coffee
644.5042689,24.45318456,800,7.101661011,60.49244602,Coffee
675.4369977,16.49753796,800,7.466900683,51.29043632,Coffee
562.5262177,39.96114117,800,6.877799264,62.65692638,Coffee
112.398294,34.14978697,200,6.410992833,66.76090123,Coffee
257.1829168,33.58929686,200,7.393825704,66.99765375,Coffee
590.0850676,19.3819237,200,7.482414225,52.89368299,Coffee
689.4876305,24.70440776,800,6.081172981,68.49299897,Coffee
664.7930093,29.14889804,800,6.516312148,55.27564977,Coffee
279.4627726,36.10297946,300,6.043330951,52.13864034,Coffee
589.7302561,29.25587018,150,6.959404135,51.29142534,Coffee
555.0473489,36.07517877,150,7.238109556,64.72543073,Coffee
742.6012698,38.45331336,800,7.234258375,51.59100753,Coffee
363.7282749,27.01496483,800,6.691541233,67.09608099,Coffee
471.0424741,18.21705517,800,6.809593554,60.76645256,Coffee
612.498687,33.66187952,150,6.485761419,58.45742907,Coffee
947.4859522,35.2656541,150,6.784460602,53.00366334,Coffee
209.4905726,16.73252476,150,7.167092586,54.30329632,Coffee
887.3144732,38.74957756,800,6.73410539,64.10651528,Coffee
447.0544133,26.21116388,150,6.779984384,55.83288958,Coffee
623.524482,21.9016915,800,7.277422738,56.7685316,Coffee
796.6450618,15.49823813,150,7.21270048,65.64381357,Coffee
619.4479511,36.32041764,150,7.487266991,66.02411187,Coffee
929.6652682,28.8683087,800,7.231166546,62.1445102,Coffee
608.8387329,25.75337468,300,6.559817161,62.26594559,Coffee
298.1549359,35.23800197,300,6.979590627,63.55324262,Coffee
821.5785232,24.94138447,800,6.779230041,61.03273481,Coffee
440.0835226,22.69076645,800,6.217974349,54.36976075,Coffee
106.6822125,18.68059755,800,7.205078785,54.28617819,Coffee
110.3307901,36.69542499,800,6.854011265,52.24226285,Coffee
290.6897598,23.86060373,200,6.246872394,55.7497332,Coffee
375.8632918,15.82644661,200,6.911066044,61.26002598,Coffee
274.173226,20.05345262,150,6.777417989,55.51673151,Coffee
496.7199805,25.91421855,800,6.273741983,50.56339727,Coffee
917.6595721,15.5165194,150,6.906124587,57.93250202,Coffee
983.4760321,28.71469156,200,7.162802357,54.41094079,Coffee
680.3173578,20.02262748,800,6.955787351,61.10935084,Coffee
840.3077578,24.09086449,150,6.971963169,67.37768353,Coffee
585.5527664,22.72392477,800,6.840927967,68.66257977,Coffee
792.5439879,38.72097183,150,6.536676653,53.57285558,Coffee
222.0819733,15.50685033,150,6.089443603,52.25738495,Coffee
995.8247598,15.53692378,200,7.456460375,57.1621814,Coffee
559.8886816,36.91782772,200,6.759211911,58.50650238,Coffee
623.0582981,24.02023067,800,7.460174812,57.88370456,Coffee
108.0793572,23.19531614,150,6.652642579,55.18792166,Coffee
634.5435346,15.84446038,150,6.026287448,59.68849145,Coffee
587.8505003,38.94552665,200,6.074190142,69.94807345,Coffee
532.3391394,31.40192298,150,7.045543056,53.83876189,Coffee
667.351471,35.6528193,200,6.993236001,63.37479229,Coffee
535.5243702,39.79648878,800,6.726528895,64.47858698,Coffee
496.9768937,39.06734038,150,6.937352845,62.67087838,Coffee
192.4690455,17.17320588,200,7.27905689,67.96910852,Coffee
268.2885342,31.84586792,150,7.079850922,52.31098539,Coffee
701.5759307,30.61462594,200,6.136286518,64.57578034,Coffee
839.2181158,17.32108732,200,6.505203696,54.15319242,Coffee
278.6962408,21.92200131,150,7.042089492,68.4233391,Coffee
386.1059042,23.21157131,150,6.348337519,52.26311691,Coffee
993.8401277,23.75306335,150,7.432322234,67.06230539,Coffee
720.2917792,20.41760018,800,6.787658922,68.44030686,Coffee
351.7386431,29.8215859,150,6.743417121,68.48030408,Coffee
826.3688147,39.38989396,800,7.00733163,58.84880599,Coffee
990.611126,38.94584052,800,7.303033217,69.71184111,Coffee
368.0436595,31.69055734,150,6.861235184,50.50148528,Coffee
417.7959713,38.50516137,800,7.131435858,56.46829641,Coffee
522.7986261,37.36042098,150,7.288211994,50.66687215,Coffee
446.0063394,33.29949785,200,6.983732393,58.52534263,Coffee
833.0023205,15.27298272,150,6.172090205,57.56695719,Coffee
384.642863,17.51843452,200,6.35118177,62.0183627,Coffee
884.5061138,16.10623393,200,6.908671379,52.97841162,Coffee
656.6738187,29.72230194,150,6.766184468,65.44340921,Coffee
267.1139101,23.43906967,800,6.392791654,55.196224,Coffee
928.4532924,32.11585699,800,6.348316257,62.88179198,Coffee
646.9831623,33.06165478,200,6.123796057,57.04151119,Coffee
855.6629597,36.32528888,800,7.428523634,50.04557009,Coffee
167.1790895,26.64464969,200,6.020947179,53.74144743,Coffee
703.9697137,15.50877079,200,6.334610249,66.4132686,Coffee
730.7643524,33.56128577,150,6.78006386,56.63636248,Coffee
396.3061616,22.37138095,800,6.086922359,67.22512329,Coffee
204.6386614,15.34918512,150,6.362607851,52.12739421,Coffee
352.9674093,32.58733523,800,6.758792552,60.39647474,Coffee
264.5267909,32.5691373,200,5.954626604,47.54885174,Mango
670.716946,15.1390713,200,4.757114897,53.72979826,Mango
618.3917038,28.08849541,150,5.699586972,47.67525434,Mango
196.8930813,38.15263214,200,5.977413803,45.53556603,Mango
968.654618,27.15372439,150,6.430139436,54.25964196,Mango
725.9074074,27.10633494,150,6.113935087,50.62161586,Mango
163.7029475,21.39884086,150,5.074272692,53.19212381,Mango
312.6018175,35.71470866,200,5.667507706,45.16127859,Mango
414.4259138,18.45304767,150,5.978634285,52.22780489,Mango
927.7643943,35.82595294,200,5.064613314,52.19331595,Mango
143.3305734,18.14911874,150,4.772385986,52.34605806,Mango
445.8077717,24.29793833,150,5.161148592,51.4271781,Mango
788.1588112,32.41534127,200,6.797779227,53.63549533,Mango
722.263603,19.27290671,150,6.39474303,48.5622488,Mango
812.3648636,38.91717349,200,5.566704378,52.66319725,Mango
942.6360156,36.2264325,800,5.755049971,48.88704844,Mango
227.3209582,33.70572066,800,5.417340525,45.53106268,Mango
847.9196604,39.88609669,150,6.166173834,49.45962621,Mango
503.3376661,16.18608218,150,5.191265116,52.13797867,Mango
846.0654882,15.77365563,150,4.954739564,54.16482251,Mango
607.7248242,34.21532864,200,5.664587011,47.94053996,Mango
781.4334251,25.53513415,150,5.548584852,53.33018851,Mango
227.3966622,32.90981918,800,6.804437106,54.49960506,Mango
356.280872,25.49453041,150,6.097869767,50.52559148,Mango
101.0194206,33.80413111,150,5.075504537,48.13974548,Mango
696.535335,32.82852387,800,4.546466109,47.41196659,Mango
199.7848962,23.65775655,800,5.855119268,49.08864345,Mango
120.067699,35.14565762,800,6.442393461,49.48613279,Mango
283.2223961,35.56953662,150,4.507523551,46.12866113,Mango
202.1594499,17.99240792,150,6.10729559,50.96040505,Mango
606.3232294,21.53300068,150,6.47544932,51.77965917,Mango
135.762878,21.54430511,150,6.832979509,49.21729127,Mango
322.1906568,28.99321277,150,5.395275719,51.94190321,Mango
569.2961349,34.97324736,800,6.13526938,45.02236377,Mango
541.1505217,39.92691312,150,4.555688532,48.69677802,Mango
514.7855407,35.62100342,150,6.434197756,51.39586505,Mango
809.9944224,22.36980946,150,5.316875978,50.19368841,Mango
365.5517483,26.3821813,150,5.279388967,50.84881347,Mango
157.0901554,32.8117602,800,6.720041791,48.56916221,Mango
705.8152311,24.15189465,150,5.72742254,45.88744691,Mango
644.2868694,23.68756077,800,4.691396195,53.2328243,Mango
740.9936187,38.55072604,800,6.810186079,49.92963856,Mango
468.4267041,17.01977549,150,6.454045329,45.58110023,Mango
464.5982784,37.64740409,150,5.842763773,52.5896771,Mango
690.5943253,23.74571805,150,5.024124684,47.40519056,Mango
572.3531296,22.83648453,800,6.422710539,47.16808054,Mango
220.4810092,39.42782599,800,4.94295037,50.70880979,Mango
822.2162136,27.89324846,800,6.414526606,48.75613373,Mango
329.2906265,28.09830844,150,6.777788126,48.50387598,Mango
622.9178355,20.93042072,150,6.441328044,54.43945147,Mango
604.9318061,17.47799644,800,4.650536197,52.61323969,Mango
360.9638124,24.8416715,800,5.254532213,51.42664176,Mango
455.45138,32.00634452,800,5.910634533,47.90859131,Mango
481.1685959,17.14482774,800,4.755273631,47.45553843,Mango
964.6087152,25.9924808,150,6.814630246,51.0845903,Mango
192.0376634,16.76039981,150,5.342866119,54.82257868,Mango
858.2304821,15.29960758,150,6.336234624,51.08494181,Mango
209.0214841,37.93100178,150,4.754435025,47.71875722,Mango
661.2294152,24.87379009,150,6.831706773,49.40983294,Mango
676.4070143,15.34593732,150,6.967417766,53.53903102,Mango
406.7562496,22.67780151,150,4.947683034,45.41692012,Mango
697.6550614,27.11215453,150,5.630619901,46.16888595,Mango
543.5263528,24.37822654,150,6.27339822,46.69536813,Mango
959.7290551,16.28843757,150,6.472774648,54.80750249,Mango
437.3650352,19.69039521,150,6.953246506,45.61143594,Mango
693.3510056,25.83373008,400,5.643710216,53.96886679,Mango
301.7095799,32.0434992,150,6.392313973,48.20662669,Mango
819.2800638,20.15013856,800,4.981816523,46.73723302,Mango
530.5115951,15.57316271,800,5.421265283,50.22287593,Mango
114.7733541,15.25228049,400,6.942520105,48.97047762,Mango
248.1963906,31.59078387,150,5.435840509,51.98594645,Mango
227.1159315,20.11709221,400,5.870116071,53.56092806,Mango
522.9326402,24.97306762,800,4.74910393,51.59445462,Mango
565.2792497,39.74556663,150,5.497946899,50.34035336,Mango
162.9571034,35.08525709,150,6.811291098,52.23810152,Mango
571.2564554,32.80410835,150,6.460542749,52.72170281,Mango
336.2728814,17.65969625,800,4.791146778,47.02058367,Mango
769.3632259,35.06534362,800,6.4841522,49.02450149,Mango
914.3037957,16.13478627,800,6.526654345,50.69693751,Mango
378.3811135,15.63542847,800,6.279133738,47.97230503,Mango
318.0807681,27.84755722,400,6.052026047,49.30347234,Mango
656.3449742,15.84526986,400,5.73171945,49.95955487,Mango
129.5884382,18.36415745,800,5.32307197,45.5661059,Mango
377.2725907,29.78756352,150,4.66910839,46.78393776,Mango
773.1694012,39.91140056,150,5.101206389,51.25786185,Mango
414.5464215,26.23991325,400,5.339556562,53.05980465,Mango
508.4674517,19.29036235,800,5.061081874,52.48823147,Mango
849.1028276,30.99048215,150,5.821106036,53.06009323,Mango
880.7353855,26.49746086,400,5.956027059,47.93791463,Mango
499.698165,27.40681389,800,5.676032581,50.0983181,Mango
487.633218,22.77214525,150,6.524114355,47.59319575,Mango
630.042298,30.1545497,400,6.273953676,54.39416048,Mango
848.4621084,32.35787281,150,6.128167757,54.9640534,Mango
684.1878451,19.48805745,150,4.934964765,52.94641947,Mango
488.2705303,24.17939292,400,5.445008416,50.44030129,Mango
645.259227,28.74621596,900,4.525722333,48.77926304,Mango
530.4431171,18.56302216,800,5.403908328,51.41593238,Mango
476.3966597,21.14170633,800,6.621623545,52.48100602,Mango
504.8082612,36.40571405,900,6.207495815,54.01352682,Mango
242.5600096,17.00263966,400,5.418475257,47.74916499,Mango
932.1538673,18.48591129,400,6.776533055,94.11878202,Muskmelon
272.7281677,19.39281285,800,6.528404378,93.03555162,Muskmelon
564.2585098,15.2819224,150,6.750145572,94.22237826,Muskmelon
438.2413507,17.08646468,150,6.562832807,90.83130708,Muskmelon
825.1738481,29.93689929,150,6.117530021,94.55695552,Muskmelon
227.1220477,15.50189298,300,6.076459669,93.25103208,Muskmelon
604.1156174,23.67123351,150,6.293486295,92.21405224,Muskmelon
403.8751415,30.096462,300,6.069171847,90.06998135,Muskmelon
506.4708006,25.24436611,800,6.740983646,90.35567642,Muskmelon
602.5272161,18.92349807,300,6.201797639,94.26765349,Muskmelon
314.3688291,23.3313561,800,6.041027474,92.09688432,Muskmelon
907.753567,26.19013468,150,6.019372459,90.97685539,Muskmelon
683.6492238,16.75913046,300,6.704104127,90.73891887,Muskmelon
191.6941583,38.00669179,300,6.494251024,94.79453182,Muskmelon
316.3168854,15.56418976,300,6.224535449,90.38971208,Muskmelon
239.7003643,29.86446181,150,6.160414414,91.21322065,Muskmelon
848.3189546,38.15850757,800,6.168757984,94.30111601,Muskmelon
703.6532828,24.4709146,300,6.085444691,91.66737633,Muskmelon
157.3318883,19.51407279,150,6.159050816,94.16748386,Muskmelon
263.7595514,25.60180625,300,6.606033244,92.58862544,Muskmelon
451.2340054,26.10385964,150,6.447662945,92.86798698,Muskmelon
319.745135,25.19320486,150,6.105909623,93.92217834,Muskmelon
109.7990283,35.83164266,150,6.559763394,93.61870344,Muskmelon
445.2739392,23.65923262,800,6.14410903,92.43510994,Muskmelon
519.8015725,19.95188052,150,6.099662369,92.91440379,Muskmelon
525.621187,32.17021802,150,6.413927319,92.12543021,Muskmelon
666.6325086,26.65446947,300,6.075144116,90.10051615,Muskmelon
608.2487997,30.48663661,300,6.123802502,90.36881284,Muskmelon
864.5811685,17.50803099,800,6.698468621,90.93897939,Muskmelon
500.1340169,30.76023651,300,6.088885814,92.92367701,Muskmelon
654.3506765,23.97183436,150,6.367800632,94.29753295,Muskmelon
709.1712334,38.8857555,150,6.425930938,90.78413842,Muskmelon
900.6879301,27.26148915,800,6.469983276,93.88482153,Muskmelon
175.6207508,39.17848961,150,6.094016338,91.33617236,Muskmelon
274.7397329,32.72510516,150,6.150090899,90.69759008,Muskmelon
442.3958111,20.28815973,300,6.646962425,90.75284363,Muskmelon
240.7410152,21.93011426,300,6.379690748,90.02696201,Muskmelon
445.8373234,26.04487375,300,6.732834334,90.70937262,Muskmelon
990.6953268,29.64734088,800,6.126019932,93.76312893,Muskmelon
718.0375226,17.31017887,300,6.161123579,91.72742702,Muskmelon
642.0209478,27.00070828,800,6.442810053,94.86907886,Muskmelon
179.1356235,16.03411012,300,6.732049075,91.60666594,Muskmelon
601.2182064,35.70903298,300,6.243673725,91.82172592,Muskmelon
842.0914085,18.39485433,300,6.266208727,90.56698742,Muskmelon
665.5288695,33.25851886,800,6.350623739,92.00687531,Muskmelon
143.290009,25.42846947,800,6.002927293,94.30759855,Muskmelon
648.4842499,35.93205654,800,6.342573112,90.97015715,Muskmelon
599.0950872,31.02567064,800,6.163921248,92.91778307,Muskmelon
815.1089011,32.65000905,300,6.121745389,91.78336933,Muskmelon
660.8017939,15.79539511,300,6.130160473,90.53330091,Muskmelon
921.6397547,21.82119777,300,6.440584681,94.87679041,Muskmelon
648.518201,27.06041991,150,6.185053234,94.72981338,Muskmelon
535.9030391,19.93000002,300,6.157724816,92.51054946,Muskmelon
376.6683258,30.5638143,300,6.776987974,91.52291141,Muskmelon
286.2042531,27.28966285,150,6.431970877,93.56161439,Muskmelon
115.0492081,32.27624146,300,6.708743843,92.12534736,Muskmelon
864.8453653,16.43453303,300,6.010739645,92.17444796,Muskmelon
559.2849748,38.35571886,800,6.365956658,91.07574233,Muskmelon
242.9478825,28.84601941,800,6.668382766,90.77069618,Muskmelon
570.1151612,33.6972719,300,6.74669542,90.14362622,Muskmelon
846.0541464,21.13890092,150,6.031665834,90.80015308,Muskmelon
135.7539935,33.40731477,300,6.40077205,90.79007335,Muskmelon
940.8663593,28.41574354,300,6.448792689,93.22980899,Muskmelon
958.8523005,36.70472795,800,6.251420275,93.90741192,Muskmelon
387.0908805,37.69768241,150,6.274452811,91.47355778,Muskmelon
545.9161941,30.15571335,800,6.135996372,94.0371147,Muskmelon
812.0378792,22.37903248,300,6.194090172,92.91185695,Muskmelon
920.3381849,26.10317404,800,6.327822962,94.65343534,Muskmelon
834.3687696,27.51359349,150,6.212567211,92.86597437,Muskmelon
123.064376,22.93900922,300,6.640470863,90.33698678,Muskmelon
212.2994144,21.5736574,150,6.685553129,94.96218673,Muskmelon
436.7341983,31.89114834,800,6.327210469,94.81637388,Muskmelon
443.1750388,27.07743739,800,6.35544263,93.12603235,Muskmelon
207.55665,37.39255377,800,6.085682344,91.89216849,Muskmelon
929.3425557,19.93792662,300,6.781050373,93.42402083,Muskmelon
366.7639003,27.91317251,150,6.630301421,90.84660317,Muskmelon
720.0984741,36.79745084,300,6.484799661,91.14849627,Muskmelon
829.063914,24.10237566,800,6.566759102,90.71832938,Muskmelon
238.5781285,34.19474749,800,6.170520518,92.48839665,Muskmelon
288.8831409,27.9498502,300,6.012480351,94.19790371,Muskmelon
125.7865956,30.98989888,150,6.541150335,90.01506395,Muskmelon
535.0988837,27.68325593,800,6.341400922,91.91533173,Muskmelon
744.822077,15.38048668,800,6.150686364,92.50969311,Muskmelon
252.3341695,39.41750298,150,6.438008153,91.39356832,Muskmelon
904.0884208,26.48613981,300,6.547041903,91.64193051,Muskmelon
659.2299217,32.10335206,800,6.399891457,91.79742953,Muskmelon
313.0509926,15.55455739,800,6.186770318,90.60932469,Muskmelon
374.9070267,16.80627533,800,6.159020864,90.45773041,Muskmelon
824.5911129,31.428519,800,6.660954816,91.46241065,Muskmelon
677.4440549,29.49889717,800,6.504906979,92.78226196,Muskmelon
445.8796311,32.63491761,800,6.706053225,91.81758779,Muskmelon
156.3848434,35.6960648,800,6.067665498,94.2911951,Muskmelon
458.681657,21.31064313,150,6.419083092,94.5513539,Muskmelon
115.0553031,15.48707951,150,6.39637861,94.22253035,Muskmelon
586.1411547,27.45877461,800,6.375923383,91.34685096,Muskmelon
716.6702607,17.07494869,800,6.700337732,94.57459443,Muskmelon
676.0788644,39.72427419,300,6.565312653,93.46806467,Muskmelon
508.2164186,17.87962956,800,6.286515359,94.78993038,Muskmelon
440.7208583,29.16730628,300,6.448061578,91.3821731,Muskmelon
568.0020015,31.85653706,300,6.585872508,91.69532178,Muskmelon
496.5249501,20.69587653,300,6.112305667,81.54156612,Grapes
568.4808889,38.4941209,800,6.092241627,82.42614055,Grapes
982.5714114,16.63405903,300,5.896343436,83.88504863,Grapes
636.0149767,34.28297883,800,6.15526103,80.65968681,Grapes
968.8551172,35.65079444,300,5.732453638,83.74372787,Grapes
684.0646041,37.3422323,800,6.253034534,82.21079946,Grapes
584.0341069,35.45762191,300,6.106190557,82.75241875,Grapes
802.3240928,26.87777277,150,5.647202395,83.56812483,Grapes
610.9997301,21.85959211,150,6.130310493,81.62497448,Grapes
868.6653965,18.54943354,150,6.499604931,80.18393287,Grapes
779.2122002,36.02794295,300,5.554831977,82.68593454,Grapes
412.0683532,29.32724525,800,5.800242694,82.29335466,Grapes
320.4732029,31.26661248,800,5.570290539,80.91934392,Grapes
994.8832417,35.10496912,150,6.27564088,80.96093443,Grapes
769.9515178,35.75290551,800,5.536645599,82.89753705,Grapes
897.6824105,28.2212833,800,6.208196881,83.51444973,Grapes
318.0719721,22.12788533,300,5.870600622,80.55557235,Grapes
650.7532709,22.68175335,150,6.334771461,80.84806564,Grapes
424.110372,31.04847498,800,5.856575335,82.73366439,Grapes
904.1180399,30.29236734,800,5.898944282,81.77713468,Grapes
894.0888055,30.27324777,150,5.775600435,80.58931938,Grapes
339.1513184,22.30204913,150,5.931101816,81.54185044,Grapes
960.8427063,27.37455555,300,6.2286454,83.98351748,Grapes
596.5970492,22.73462201,150,5.594240603,82.71775569,Grapes
578.984998,35.69705359,150,5.569230319,80.55625868,Grapes
188.8636094,38.45302351,800,5.93202852,83.59398734,Grapes
204.3383602,23.75515289,800,6.423216506,82.48336987,Grapes
551.9544576,33.4743466,800,6.417500829,81.20876367,Grapes
626.311223,21.36782153,800,6.234904253,82.24729637,Grapes
529.2729425,28.13321227,150,6.000573725,82.03812973,Grapes
365.7210749,29.06357277,150,5.685102769,81.16314317,Grapes
560.1554496,29.65898883,800,5.662140095,82.00335557,Grapes
687.0141563,34.27656455,150,6.358186848,82.66850729,Grapes
380.3216469,30.59130735,300,6.119495295,81.17931863,Grapes
389.463482,15.04292925,150,6.207600783,80.01639435,Grapes
609.4566959,20.16467542,300,6.48754639,83.00471609,Grapes
561.2844185,20.23585971,300,5.81717753,81.32235739,Grapes
734.6349964,24.65912185,300,6.325480034,83.25447587,Grapes
997.0723335,29.01252633,150,5.562790949,83.86742974,Grapes
398.8480705,24.75669847,150,6.487369687,80.86325389,Grapes
191.2326392,32.00517415,300,6.116982944,80.03100049,Grapes
997.9956754,27.80561003,300,5.695792761,80.68700527,Grapes
263.8293919,27.45281322,300,5.734317007,81.23966573,Grapes
814.889176,21.97046282,800,6.329499832,80.18612085,Grapes
205.5391317,29.91108417,300,6.167013532,81.03544763,Grapes
863.4045796,31.39772683,800,5.653776058,83.34010951,Grapes
728.862709,31.09336479,150,5.840256272,80.95628959,Grapes
452.3866862,25.54677301,150,5.539980812,81.01783402,Grapes
641.2031533,17.93013296,150,5.833302165,83.17093908,Grapes
567.4158736,20.67529485,150,6.399433771,82.33098331,Grapes
655.2937107,31.90919707,150,6.138958698,83.44518113,Grapes
888.2076303,39.94550938,150,5.749914421,63.69070564,Maize
170.8144562,29.11637668,800,6.931756558,71.57476937,Maize
259.4181251,17.26189246,800,6.657964753,71.59351368,Maize
609.7987642,38.26585114,300,6.596060648,57.68272924,Maize
599.8754927,19.90929232,300,5.970458434,62.69503871,Maize
695.208413,23.73628527,300,6.158830619,57.80840636,Maize
318.0130098,37.38296491,150,6.047906679,66.50415474,Maize
224.0687116,38.18668321,150,5.913664501,66.6902901,Maize
348.1310175,37.17467501,300,5.855442401,62.5542482,Maize
191.1180835,19.54906185,300,5.750254943,66.78627406,Maize
932.5674367,38.30178913,150,5.852607099,73.4541537,Maize
977.621748,23.76682167,800,6.472523287,68.3584573,Maize
257.0681167,18.54140994,150,6.967057762,58.84015925,Maize
903.7819488,20.59656506,300,6.082973754,65.76816093,Maize
874.9747777,33.22486926,800,5.919045532,60.2001687,Maize
432.4027528,26.29321813,300,6.204747653,55.28220433,Maize
607.0083551,35.30531204,150,6.600827017,70.4162444,Maize
207.9256707,34.01824557,300,6.021902237,65.26185135,Maize
532.7259782,39.492362,150,6.033550195,60.1159381,Maize
457.9632768,26.39824881,800,6.28886807,62.89366992,Maize
825.8191756,33.6649605,300,6.550563823,73.80435276,Maize
858.4998401,23.35944287,800,5.573286437,71.09445342,Maize
861.7907437,19.94429823,300,6.829199275,66.65952796,Maize
590.005968,18.31698309,800,5.716222912,58.75082029,Maize
946.6788966,35.04469112,800,5.54990242,67.22190688,Maize
321.3157766,33.78888399,800,6.586244581,68.49835977,Maize
563.8130192,33.53199116,800,5.893093135,57.48775781,Maize
613.9858959,33.1895547,800,5.918263801,71.50905983,Maize
897.1034542,27.77201805,800,5.588650585,63.10459626,Maize
422.594227,27.79641795,150,6.576418207,63.4711755,Maize
445.0093807,39.67694038,300,6.178056304,63.1621551,Maize
610.2624745,37.31458936,800,6.641906353,55.53128131,Maize
900.3110977,33.87532257,800,6.489040367,67.99257471,Maize
467.5449619,19.32941184,800,5.680361038,61.89472002,Maize
716.3336741,21.96898375,300,6.625404348,65.61418761,Maize
417.7844833,36.9623925,150,6.524478032,74.089114,Maize
734.9436401,17.78008484,800,5.696205468,62.35750641,Maize
866.193901,37.32512898,300,6.803931519,59.64024162,Maize
365.1492454,32.25378182,300,6.252797548,74.82913698,Maize
482.8455055,22.00179352,800,6.092725883,74.52600826,Maize
546.4365753,37.53667878,150,6.234330356,73.13112261,Maize
629.9654839,17.91267569,800,5.722579819,70.04556743,Maize
348.3353963,37.74767735,150,6.430616465,60.27766379,Maize
357.4849435,18.72323916,300,5.983952675,57.21025565,Maize
783.0419237,36.90043456,150,6.80163854,72.85462807,Maize
356.9107804,37.70027735,800,6.499936446,69.00128641,Maize
304.9163723,38.50531242,300,6.265564338,68.74248334,Maize
646.9853458,31.22130349,300,6.727303282,56.35606753,Maize
492.6380553,35.77617859,800,6.325235159,61.89082199,Maize
356.8611001,24.01235722,300,6.807487794,65.47050802,Maize
930.8668269,38.06038185,150,6.671085817,65.34583901,Maize
516.9707883,17.45003805,800,6.648725327,56.73426469,Maize
373.3761151,28.10823909,300,6.439071996,63.91281869,Maize
638.7242531,19.3838728,300,6.474476516,64.23580251,Maize
941.5682295,33.35780392,800,5.871647806,61.74427165,Maize
655.7366893,19.42332379,800,5.730617109,61.24500053,Maize
429.2543323,27.27433349,150,5.850439831,61.91044947,Maize
597.2721477,33.54188299,150,5.791649933,56.50768935,Maize
162.8146603,18.09748429,800,6.740000688,69.02298571,Maize
503.2223476,37.97029655,800,6.272417541,65.35549924,Maize
437.5996379,33.72773003,800,5.715208817,59.24537979,Maize
757.5859821,34.10702587,300,5.773454729,69.0276233,Maize
873.6016809,28.81525779,800,5.584171461,61.32026065,Maize
711.0978531,37.61244642,150,5.787268394,72.89187265,Maize
850.7830265,21.33183509,800,5.77597783,69.63481219,Maize
348.7276923,22.55525505,150,6.864793607,59.4375337,Maize
689.0857051,30.74555254,150,6.192360003,68.034493,Maize
741.0416657,31.00689614,800,6.636803223,73.58868502,Maize
932.5443946,17.56219142,800,5.826426917,59.52193158,Maize
592.0835204,26.19401581,150,6.960358276,61.33450447,Maize
572.6858932,36.77048451,300,6.11275104,68.30578978,Maize
739.457863,16.52505494,300,6.708446922,60.47470519,Maize
508.9661623,35.36575549,150,5.561510732,59.21235483,Maize
109.8972289,20.43576687,150,5.873242491,73.62548442,Maize
142.4325171,27.44249731,800,6.995843776,55.64709899,Maize
655.7206152,23.60937097,800,5.714799723,65.7420046,Maize
159.2630045,23.72554539,800,6.78073637,65.77472881,Maize
300.0424375,39.77393361,150,5.513697923,60.61494304,Maize
658.1781526,38.01540352,300,5.798423908,72.33125523,Maize
331.6011662,39.39210836,150,6.352471866,71.59722446,Maize
194.1546747,39.1775056,300,6.822586546,69.36385721,Maize
289.7027342,24.42559172,800,6.655426355,66.20569924,Maize
233.8373352,25.54651286,150,6.121294041,61.55327249,Maize
351.0026371,19.82001585,150,5.790770203,55.97732754,Maize
235.954333,36.4103995,150,6.47444292,59.24580604,Maize
643.0318606,19.95067732,300,6.455116637,65.92195844,Maize
612.9402645,20.55468038,150,6.606984086,72.52054555,Maize
491.9395917,16.60175923,800,6.330554389,63.31801994,Maize
870.9336214,26.47357544,150,6.528631266,67.816568,Maize
801.9315772,24.73370942,150,5.721667141,71.516474,Maize
185.9354906,35.27074722,800,6.644205485,63.73849998,Maize
831.3529279,16.13923798,150,6.376651091,72.61024172,Maize
593.3755538,19.71730162,300,6.247040422,71.96246617,Maize
317.67958,23.84077795,150,6.656730008,61.37879671,Maize
782.9057165,34.96551114,300,6.2048017,59.37147589,Maize
219.0784565,21.95040212,300,6.158860284,72.80086137,Maize
870.1972673,33.06848445,300,6.385684214,63.24648023,Maize
212.5354978,35.29003679,800,6.417820493,62.49878458,Maize
352.209285,22.42369901,300,6.381201909,59.66263104,Maize
401.2638567,33.28596715,150,6.877869005,70.74739256,Maize
752.143335,30.18321096,800,6.793245417,91.49725058,Papaya
610.3930604,33.91134671,150,6.576261427,90.79028064,Papaya
916.685012,34.28733088,300,6.751452932,91.14220381,Papaya
189.5499789,15.84403325,800,6.560743093,92.11508608,Papaya
463.4167268,18.07517152,800,6.938313356,90.07600528,Papaya
387.5939569,36.80388439,800,6.991626158,92.85470152,Papaya
920.6335214,35.23138251,800,6.977700268,92.76437927,Papaya
643.35943,17.75897317,300,6.833768535,93.71043692,Papaya
538.4714849,20.23515561,800,6.739170045,90.81781439,Papaya
901.2266359,15.42353347,300,6.993473247,94.50766912,Papaya
724.0546738,18.99983012,150,6.757470637,91.70445386,Papaya
100.105325,39.34463367,300,6.850663232,91.4618874,Papaya
693.6864594,33.23859315,800,6.74274935,91.38048469,Papaya
850.9263402,31.69392188,150,6.506120752,93.0484859,Papaya
964.7073422,26.83998595,300,6.98992719,93.06134398,Papaya
133.2514889,36.43258809,300,6.69215564,94.60761797,Papaya
488.2092874,28.75206952,300,6.544029776,93.63739039,Papaya
307.7067727,34.31677393,800,6.927803911,90.78931681,Papaya
701.6374756,22.91265509,300,6.721835879,91.55594211,Papaya
500.7696586,23.10546789,800,6.99223441,91.48815629,Papaya
486.169115,23.35339047,300,6.704204398,94.65904123,Papaya
989.8133974,36.88311289,800,6.702424548,91.72514851,Papaya
574.4810213,37.47117985,150,6.641098708,92.83405443,Papaya
423.7583867,17.05778775,800,6.585346229,90.72526502,Papaya
244.0030648,24.36054251,300,6.563134737,92.90951393,Papaya
121.9762642,30.98857111,800,6.502289473,91.40301608,Papaya
621.7257622,36.202413,300,6.800321319,92.61715632,Papaya
966.0138615,30.05385798,300,6.721130543,93.61082872,Papaya
851.9240416,35.14965244,800,6.574677594,94.16193416,Papaya
214.7950396,26.84407004,150,6.919342407,91.12220596,Papaya
526.8832082,18.15320329,150,6.519779583,91.25589286,Papaya
568.858393,36.18682485,150,6.687088098,94.17756725,Papaya
404.1553744,27.13554959,300,6.747975732,92.09278584,Papaya
829.0459018,16.23761716,300,6.65149129,90.79668055,Papaya
288.0501721,19.27533012,800,6.502675132,93.3210737,Papaya
781.615383,17.45592854,150,6.825371185,90.55561637,Papaya
669.9683372,32.15528342,150,6.99104104,93.00754254,Papaya
307.2597246,33.84333346,800,6.511624841,90.87394933,Papaya
585.6388517,39.28685145,300,6.93172108,90.51431779,Papaya
908.4184259,16.93047975,150,6.712772333,90.61964344,Papaya
985.1579239,22.38128174,150,6.63016515,91.37059792,Papaya
157.5586007,23.92642787,300,6.761953186,92.98254537,Papaya
809.2927565,26.73573512,300,6.691202286,94.63548176,Papaya
209.3088427,33.59637333,150,6.608667684,93.10887229,Papaya
938.667938,31.53507149,150,6.840802254,92.92203105,Papaya
216.1277582,15.83741233,800,6.834808348,92.12746225,Papaya
796.6866984,18.02703788,150,6.953439161,91.66232213,Papaya
245.0021467,35.42804539,800,6.665024508,90.03863107,Papaya
161.0111065,21.13795651,800,6.662875839,94.94482086,Papaya
581.2655836,25.9340406,300,6.678695788,94.63676767,Papaya
294.7338483,27.28015342,800,6.54277684,93.90305729,Papaya
999.6394443,22.96417294,800,6.839443833,93.96834049,Papaya
427.5660102,31.70416245,300,6.805277038,91.37258067,Papaya
411.8440397,24.36331288,300,6.762522087,93.18240298,Papaya
674.3141451,20.34360997,300,6.678449318,91.06138506,Papaya
714.9012014,22.68463881,150,6.577192175,92.27749066,Papaya
695.2472043,37.29763187,800,6.734005648,90.21646909,Papaya
307.3308686,33.41211742,300,6.524459342,91.3256535,Papaya
716.8088529,32.60497642,150,6.501521192,91.1756748,Papaya
221.0619132,18.49868234,300,6.758479569,94.31994776,Papaya
149.910344,38.17620465,300,6.676578778,93.90560147,Papaya
720.885262,34.66600899,800,6.941496806,93.35191636,Papaya
457.2673625,23.33259062,400,6.864143752,90.75379971,Papaya
832.2370833,32.34893333,400,6.583528529,93.12659793,Papaya
698.5931458,23.13917008,400,6.751747609,93.22642604,Papaya
238.2310289,34.41686089,400,6.893509446,93.47888842,Papaya
889.768714,37.72232961,150,6.720744449,94.6428898,Papaya
265.802307,26.79012582,150,6.827812549,90.34546355,Papaya
894.034334,36.96846852,400,6.912299695,93.61055571,Papaya
825.8249724,32.19658676,800,6.586107335,93.30641944,Papaya
615.8351941,23.17814495,800,6.827305908,94.43877142,Papaya
431.0947421,39.50303429,400,6.821774589,92.38282957,Papaya
814.2429673,32.5339291,800,6.354006744,92.39651663,Papaya
885.4575689,34.17791722,400,7.511755068,91.35349216,Orange
419.0895784,25.37666417,150,7.335158382,91.38411917,Orange
745.154172,28.86812372,800,7.813916603,91.34663797,Orange
425.5755659,16.6654316,800,7.129136941,93.37488907,Orange
867.6209554,15.94968256,400,6.079998496,93.24688124,Orange
699.2670891,29.68763074,400,7.408939392,93.04897191,Orange
906.3365437,33.20784126,400,7.207991261,92.87820148,Orange
352.1426627,36.30635186,800,7.189259647,91.90997228,Orange
230.3248595,38.42474953,150,7.365338111,91.74780462,Orange
860.828087,29.34551923,150,7.455991072,93.52211892,Orange
367.6189356,19.44790774,150,6.822282114,93.12316972,Orange
696.3488051,19.20383782,800,7.028746406,94.14861001,Orange
575.2878552,23.23553936,400,6.118430299,91.94670335,Orange
272.0505746,35.03691355,150,6.285312759,94.55239717,Orange
770.1576218,27.71433069,150,6.559236744,90.93756231,Orange
843.5080749,34.08150915,800,7.163245982,91.13772765,Orange
419.6524662,19.11218674,800,6.945562889,91.68293851,Orange
280.8603734,25.77595228,800,7.474710503,91.11764246,Orange
201.7660396,34.91045218,400,7.601189843,92.18151927,Orange
487.4796251,29.45833037,800,7.561143224,93.10527686,Orange
908.6074198,34.09469701,800,6.361671475,91.15248149,Orange
107.5587022,27.42997034,800,6.929216014,91.48247612,Orange
200.6454017,24.99752958,800,7.477935216,90.03969587,Orange
419.3219468,20.46718284,800,7.684420446,92.86773675,Orange
900.7338409,32.53272624,150,7.825531916,91.52781832,Orange
876.7465424,16.6765997,150,6.438668989,90.95589386,Orange
472.2079711,35.49372702,400,6.946354724,93.72485075,Orange
459.3699017,18.61276117,400,7.994465371,94.02769434,Orange
328.6553856,37.70816483,400,7.434118807,93.67804556,Orange
600.5133541,34.06403927,400,6.206053072,90.91510525,Orange
655.1526983,28.95549393,400,6.976997772,90.50621806,Orange
835.0323108,32.78484152,150,6.562594972,91.81183218,Orange
955.236483,28.20614749,800,7.260416405,91.69865887,Orange
754.791294,29.46051237,150,6.460044778,91.81668769,Orange
957.3445032,19.52483091,150,6.699164936,93.68394562,Orange
583.1918987,25.10666316,150,7.401121811,92.22706805,Orange
258.9458802,31.20086052,800,6.912033409,94.96419851,Orange
441.4867639,18.15251881,150,7.764040111,90.15406807,Orange
635.632549,28.41228085,400,7.796034006,94.35815354,Orange
686.281663,31.93846342,400,6.969883483,90.19147747,Orange
166.9016788,23.06572406,800,6.730757538,94.78797376,Orange
531.2565045,32.61803657,400,6.601395755,90.50096668,Orange
398.8005212,37.33910578,150,6.465913274,93.75652041,Orange
811.157804,19.94653469,400,6.41354791,91.71369387,Orange
415.9623753,23.79621885,800,6.475275337,92.13229786,Orange
827.977618,23.75879959,150,6.407715561,94.51768464,Orange
104.2084861,15.06643444,500,6.550814117,91.22320999,Orange
106.9572451,28.58141325,500,7.36220835,93.43949693,Orange
928.7468117,17.54081344,800,7.36549204,94.76759975,Orange
710.3668631,20.28706451,800,7.8546243,90.12220323,Orange
857.8176182,34.83133561,800,7.995848977,90.00621688,Orange
137.2497753,39.11489293,150,6.725600855,94.59551226,Orange
909.4623265,31.40936791,500,7.786725333,93.27189064,Orange
382.6307213,27.86168413,500,7.656978112,90.71037456,Orange
236.9853893,30.05747961,500,7.105904818,91.4448027,Orange
336.0924372,24.18765021,500,7.199106204,92.05811721,Orange
598.341201,30.58842992,500,7.871063004,90.56151463,Orange
706.8403557,28.81342005,800,7.566165721,90.54608254,Orange
979.4557989,16.63853378,600,7.781988584,92.54736032,Orange
893.2481292,15.32394726,150,6.052318465,94.47316879,Orange
637.9550415,36.53323433,600,7.106650373,90.9492967,Orange
250.5574624,29.90508094,800,6.22094286,93.25638873,Orange
287.5030289,16.31297386,150,6.420457311,92.51077745,Orange
114.5651314,20.79183445,150,6.969249676,91.50819306,Orange
723.5175938,15.15776658,150,6.011302181,91.35608208,Orange
358.6172216,18.79298916,150,6.600948788,92.04304496,Orange
940.5086294,21.9264538,600,7.817846496,91.57802915,Orange
785.4581326,33.83380795,150,6.8198271,92.91487288,Orange
904.5084595,39.24377966,800,7.291405641,92.04670813,Orange
897.0772391,27.67696637,400,7.598729065,82.00274423,Rice
992.6732816,18.02614225,200,7.038096361,80.31964408,Rice
441.1311536,30.887107,800,7.840207144,82.3207629,Rice
874.4567441,27.25686896,800,6.980400905,80.15836264,Rice
935.8027653,20.88777425,150,7.628472891,81.60487287,Rice
476.6827789,29.34104312,800,7.073453503,83.37011772,Rice
180.7203767,18.21203323,150,5.70080568,82.63941394,Rice
805.701203,29.20012383,800,5.718627178,82.89408619,Rice
634.1900146,38.45166407,800,6.685346424,83.5352163,Rice
801.9406398,28.7622216,800,6.336253525,83.03322691,Rice
378.5520396,38.14194758,600,5.386167788,81.41753846,Rice
896.1353251,30.20211088,800,7.50283396,81.45061596,Rice
965.5279313,19.58387748,150,5.108681786,80.88684822,Rice
504.3644611,28.89317987,600,6.98435366,82.05687182,Rice
124.4697966,20.63052475,800,6.94801983,80.66385045,Rice
588.3827165,26.17204271,800,7.042299069,80.30025587,Rice
623.7363082,23.31057588,800,6.249050656,82.7883708,Rice
352.9073702,19.17940396,800,6.970859754,80.41817957,Rice
876.1770056,20.89020223,800,5.953933276,80.1923008,Rice
153.9277206,27.111641,800,5.85393208,83.58760316,Rice
992.5621553,36.14068672,800,6.442475375,80.47476396,Rice
965.0346664,29.70896332,300,5.070175667,83.11713476,Rice
650.211304,21.36375184,800,6.012632591,80.97384195,Rice
158.6346299,36.61073214,300,6.254028451,82.67839517,Rice
863.7539839,22.0810869,300,7.375482851,81.33265073,Rice
165.9624509,18.93290305,800,7.778915154,80.52389148,Rice
396.6124076,25.55290755,300,6.286500176,84.04403589,Rice
693.8977748,28.13080174,300,7.070959995,80.54498576,Rice
613.3057934,28.60557775,800,6.244841491,84.49774397,Rice
469.2216028,17.82877749,300,6.043304899,80.64416466,Rice
524.9867222,22.25950041,800,5.824709117,84.94375962,Rice
168.4832997,17.98558075,150,6.357389366,80.33127223,Rice
331.9366966,28.89085767,300,6.364134968,82.73685569,Rice
638.5281345,38.92871641,300,5.01450727,81.63895217,Rice
550.0733489,15.54339861,150,6.149410611,83.88266234,Rice
714.3206179,19.33008064,800,5.950660556,82.1480873,Rice
228.620149,36.03057452,800,5.960370061,81.17734011,Rice
869.6880075,37.80320813,300,5.561398642,83.15250801,Rice
108.2408595,39.9887035,150,7.416245107,82.95221726,Rice
489.6776756,28.4948637,300,5.583370042,83.7287574,Rice
628.8669794,34.66890885,800,6.430010215,82.06719137,Rice
908.62472,29.72093553,300,5.534878156,83.52842314,Rice
513.4312494,27.56435649,150,6.903985986,80.14509262,Rice
946.3750168,21.3120333,300,6.271478838,84.81360127,Rice
196.6101639,36.49820155,300,7.224285503,82.36698992,Rice
649.3404973,38.69387525,300,6.13428721,80.52586088,Rice
343.0011006,16.30234893,800,5.206373153,84.47963372,Rice
667.7416142,25.86223198,150,7.782051313,84.59201843,Rice
130.5032577,26.57114581,150,7.062779015,80.70960551,Rice
798.5162746,31.74023326,150,7.730367824,80.41363018,Rice
917.5202949,28.3943588,300,5.286203711,83.06310136,Rice
503.8708158,23.42728256,800,6.766240045,80.3477562,Rice
549.6942454,18.24958473,800,7.382762603,82.22572988,Rice
168.0922057,16.4014742,800,5.658169482,81.89918197,Rice
550.8610321,22.40777899,800,5.543360238,83.83625819,Rice
675.3471255,30.28394801,800,6.215109715,84.79352417,Rice
787.1044127,28.45956044,800,7.120272972,83.47021081,Rice
256.5604407,36.83232524,800,5.950647577,82.45432595,Rice
564.9727199,31.28078016,300,7.236705436,82.1235421,Rice
885.413279,23.35028993,150,6.501697816,80.2389895,Rice
198.7530265,24.28053974,300,7.592490617,82.20802629,Rice
302.5901802,27.78946494,800,5.875345751,83.51827127,Rice
252.0198735,18.01243883,300,6.932400225,83.77345559,Rice
196.9464637,24.44829135,300,6.946209881,80.72886384,Rice
681.7595919,15.2086061,300,5.739175027,83.29114712,Rice
623.4704496,36.73848224,800,6.738652179,82.74835604,Rice
952.4925355,23.08741195,150,5.594819626,80.33502926,Rice
521.1872077,32.95499185,150,6.946636369,82.11124033,Rice
877.4012461,28.03687443,300,5.012139669,80.28597873,Rice
981.1911108,18.41855794,150,6.363472208,80.56887849,Rice
629.7710095,32.98805708,800,6.880431223,83.891805,Rice
376.7664661,15.70976421,800,7.300410836,82.1706881,Rice
235.6183833,25.04092078,150,6.587918708,82.84022551,Rice
403.5427828,27.28258926,150,7.283736617,83.00320459,Rice
926.679087,29.08933991,300,7.023936392,84.56919326,Rice
173.7761306,31.53011218,150,6.939083505,81.85872947,Rice
692.6830182,30.4295928,800,7.868474653,81.78596776,Rice
820.910217,30.75516591,300,5.005306977,81.97927117,Rice
666.1876958,27.92667024,800,6.136131869,81.46033732,Rice
146.0455763,23.93576446,800,7.524080076,83.72874389,Rice
300.7984079,29.14351667,150,5.706943251,80.37979919,Rice
801.640346,18.99065226,800,5.758506323,82.94682591,Rice
129.1938117,27.12981961,800,6.349606327,81.05635517,Rice
366.9554212,36.69713247,150,5.999969026,84.96907151,Rice
309.4499165,26.12467323,800,5.453592032,80.54372813,Rice
316.2535401,37.19239949,150,6.372576327,83.47038318,Rice
844.8299918,36.34372108,800,5.105588355,81.43321641,Rice
859.0496651,29.90265826,150,5.935344406,81.40633547,Rice
193.889733,37.15726558,150,5.17782304,81.03569343,Rice
764.725135,26.92944494,150,6.462391607,84.1341879,Rice
740.6803992,31.2194814,300,7.069172227,81.91411159,Rice
829.146247,33.30813396,300,7.473134377,83.88387074,Rice
114.1888519,36.058282,800,6.158376967,80.12267476,Rice
666.3979097,34.14406976,300,7.549873681,83.85642678,Rice
179.4935929,33.12796159,300,6.028321558,82.81088865,Rice
714.9006927,20.67651555,300,6.604993475,83.46358271,Rice
415.5984017,18.77423359,300,6.500343222,82.14004101,Rice
382.4712413,36.72059031,150,5.935745417,83.3293191,Rice
544.0332828,38.58137021,300,7.072655622,84.67353597,Rice
751.4080471,32.36279587,150,5.333322606,83.59512273,Rice
864.0413537,16.13485191,300,6.283818329,80.92254421,Watermelon
213.9716747,24.14789168,300,6.818261383,83.44621709,Watermelon
858.9309424,30.22162583,800,6.37620108,81.77527562,Watermelon
774.3957161,26.95981296,300,6.581587932,88.30866319,Watermelon
851.2900866,31.19042296,800,6.932739726,81.32563243,Watermelon
941.6027488,33.73482181,300,6.140099215,88.989272,Watermelon
278.7240975,15.94003615,300,6.467095849,88.7285657,Watermelon
167.3549844,24.82543855,300,6.849471704,89.77076659,Watermelon
674.9343882,24.37700761,300,6.512196212,85.34866045,Watermelon
849.5391853,27.50683451,300,6.039584629,89.81574032,Watermelon
293.0170316,17.07442453,300,6.057697106,80.04678201,Watermelon
215.2967022,34.26853795,300,6.423898762,84.18406764,Watermelon
505.9301554,18.92727753,150,6.936997681,83.31883376,Watermelon
895.5014233,38.68707348,150,6.251286661,83.9195902,Watermelon
778.4475138,19.45295302,150,6.190015912,80.22972777,Watermelon
419.99597,27.39402631,300,6.681606702,84.1726996,Watermelon
843.344647,29.44565684,800,6.51075991,89.64815231,Watermelon
732.4539374,19.21204042,300,6.770278088,89.73524177,Watermelon
299.1061796,15.50819639,150,6.429788073,88.22874955,Watermelon
777.1831961,29.20758043,300,6.209888345,80.02621335,Watermelon
559.3337639,34.77839573,150,6.419052193,87.6883982,Watermelon
893.0129299,16.94709501,800,6.237861736,86.97190046,Watermelon
861.3751033,34.0920068,800,6.762471629,84.26830701,Watermelon
549.7832645,30.39796179,300,6.612847999,87.55055105,Watermelon
567.4475476,35.32637395,800,6.704688865,87.5931128,Watermelon
823.1399235,24.64419044,150,6.049609892,89.13163965,Watermelon
552.0523386,18.05799046,300,6.762030215,81.44030363,Watermelon
828.1706409,22.51340257,800,6.65398725,80.99313508,Watermelon
994.1530195,24.48722511,800,6.738030547,85.05318563,Watermelon
472.6429286,19.03395557,300,6.095689937,88.94568335,Watermelon
817.0853665,28.29988608,800,6.538006356,84.20576992,Watermelon
425.5088787,34.42295453,800,6.377427122,82.043255,Watermelon
498.0127922,37.11940745,800,6.417011754,84.16390229,Watermelon
651.6644637,30.88349722,800,6.649086972,84.84494575,Watermelon
325.8699558,23.42636244,800,6.25933595,86.52258079,Watermelon
757.1739295,35.776646,800,6.121168559,86.7295205,Watermelon
471.9912635,15.63388038,800,6.031424482,84.6378378,Watermelon
938.8639975,21.41042082,300,6.835268184,82.39053979,Watermelon
745.3944476,32.87995605,800,6.551750306,87.8274604,Watermelon
760.2426017,35.26162634,150,6.940236218,81.40297428,Watermelon
632.0865101,29.13572873,800,6.87606733,80.38266489,Watermelon
861.0177848,16.18748152,800,6.457216535,89.28272716,Watermelon
450.3948105,23.87336481,300,6.921847888,83.47202566,Watermelon
348.6577348,15.47502623,300,6.881425746,89.98405233,Watermelon
248.2225877,26.35923218,150,6.915717008,81.64075303,Watermelon
219.5929484,38.50226842,150,6.206247494,82.75411437,Watermelon
403.722726,33.16641519,800,6.29542477,87.64081095,Watermelon
641.9221376,22.02863752,150,6.399669044,87.65694462,Watermelon
210.7909097,18.47492911,150,6.862157042,80.27525115,Watermelon
194.6600392,27.1734428,800,6.224066378,83.15393658,Watermelon
893.0295652,28.29138156,300,6.093814669,80.90127035,Watermelon
483.1975987,37.42850047,300,6.291540278,80.61750795,Watermelon
731.5972378,39.97017501,300,6.32281728,81.01009354,Watermelon
155.2423928,33.0237309,300,6.873283991,87.21986949,Watermelon
565.849245,30.27369411,800,6.074209622,87.47409052,Watermelon
872.6793346,36.60491642,300,6.49889585,88.04541346,Watermelon
996.0745711,34.57411746,800,6.678805092,86.33904774,Watermelon
345.4469327,25.70971875,800,6.114128685,88.6984228,Watermelon
752.0422898,39.54862564,800,6.405054243,83.46230461,Watermelon
557.7250519,34.16797009,300,6.110142735,85.87059083,Watermelon
682.3074859,18.08126046,800,6.828982708,82.91481799,Watermelon
592.7204879,34.86202099,300,6.451499764,87.1269128,Watermelon
385.327329,22.05602879,300,6.313512999,88.59143088,Watermelon
344.3789391,22.31275469,150,6.755192025,89.00481725,Watermelon
518.9257361,29.67951271,300,6.623167177,89.39655519,Watermelon
324.2780108,22.41893198,300,6.12532356,81.2514818,Watermelon
707.766612,21.0967722,300,6.653867608,83.03687902,Watermelon
878.8217948,28.51719879,800,6.343942518,85.49938185,Watermelon
100.1975633,30.56460539,800,6.217300786,86.10782926,Watermelon
273.9685643,31.27703262,150,6.286387658,81.12122989,Watermelon
954.2835155,24.69853868,800,6.7698938,86.14585891,Watermelon
354.7752776,36.85618929,800,6.744966312,87.20772913,Watermelon
843.2969517,36.39415812,150,6.391858432,89.20454622,Watermelon
962.5717933,27.35303702,150,6.770434148,86.70068316,Watermelon
138.0440348,33.79942153,300,6.727468157,86.25426228,Watermelon
938.2425561,24.79522851,150,6.662244646,86.67468041,Watermelon
418.6770658,29.07366149,800,6.944640222,81.14149505,Watermelon
483.6914919,39.23262631,300,6.507110986,80.91934337,Watermelon
287.6906639,30.8173328,150,6.520663422,84.42478917,Watermelon
921.5193471,26.48688655,150,6.106500787,83.85039964,Watermelon
935.8823621,15.71408498,300,6.277484043,83.9862443,Watermelon
280.0145209,34.7142037,150,6.195142279,85.00802358,Watermelon
782.090443,18.3021687,150,6.792035575,84.24340241,Watermelon
653.7413501,29.66639524,300,6.472756256,87.9392312,Watermelon
298.2738632,39.25954431,300,6.000975617,86.5507939,Watermelon
829.9506039,39.68850484,300,6.587791262,87.5267616,Watermelon
825.9455433,21.55974647,800,6.956508826,86.63249555,Watermelon
739.3111256,36.89175203,300,6.259086583,83.09194521,Watermelon
411.8490644,28.00750749,800,6.747537642,87.82430156,Watermelon
713.9745071,17.82541417,800,6.932537231,85.5667282,Watermelon
767.9009763,26.2108299,150,6.353107393,85.56967628,Watermelon
117.5271146,29.99970202,800,6.211748957,84.60808277,Watermelon
336.1797432,38.75994011,800,6.277245254,81.96664832,Watermelon
272.3479583,20.04340111,150,6.560443519,84.31756844,Watermelon
470.8104386,28.27010641,100,6.903020221,80.45846265,Watermelon
490.8321234,19.86942002,800,6.765094964,89.63667876,Watermelon
941.3731976,23.69431567,100,6.189213927,84.69546874,Watermelon
669.6974851,25.08273792,100,6.904241707,84.30533791,Watermelon
